rep_id,start_frame,end_frame,support_raters,start_sec,end_sec
1,182,382,3,6.1,12.7
2,382,666,3,12.7,22.2
3,666,873,3,22.2,29.1
4,873,1045,3,29.1,34.8
5,1045,1320,3,34.8,44.0
6,1320,1528,3,44.0,50.9
7,1528,1738,3,50.9,57.9
8,1738,1980,3,57.9,66.0
9,1980,2231,3,66.0,74.4
10,2231,2625,3,74.4,87.5
11,2625,2823,3,87.5,94.1
12,2823,2988,3,94.1,99.6
13,2988,3375,3,99.6,112.5
14,3375,3651,3,112.5,121.7
