start_frame,end_frame,look_at_frame,keep
182,382,282,YES
382,666,523,YES
666,873,769,YES
873,1045,960,YES
1045,1320,1182,YES
1320,1528,1424,YES
1528,1738,1633,YES
1738,1980,1859,YES
1980,2231,2105,YES
2231,2625,2428,YES
2625,2823,2724,YES
2823,2988,2905,YES
2988,3375,3181,YES
3375,3651,3513,YES
